,close
2007/1/16,2055.0161
2007/1/17,2035.651
2007/1/18,2085.4031
2007/1/19,2159.6379
2007/1/22,2258.9861
2007/1/23,2261.7849
2007/1/24,2283.696
2007/1/25,2174.239
2007/1/26,2186.27
2007/1/29,2260.5959
2007/1/30,2255.938
2007/1/31,2142.8911
2007/2/1,2165.405
2007/2/2,2127.104
2007/2/5,2152.25
2007/2/6,2198.239
2007/2/7,2237.9441
2007/2/8,2278.4451
2007/2/9,2287.3811
2007/2/12,2341.072
2007/2/13,2384.158
2007/2/14,2435.959
2007/2/15,2512.4021
2007/2/16,2541.4089
2007/2/26,2642.114
2007/2/27,2405.574
2007/2/28,2513.533
2007/3/1,2459.511
2007/3/2,2503.677
2007/3/5,2511.916
2007/3/6,2516.0029
2007/3/7,2580.5969
2007/3/8,2634.8789
2007/3/9,2638.0471
2007/3/12,2696.4971
2007/3/13,2727.4551
2007/3/14,2708.687
2007/3/15,2760.844
2007/3/16,2710.8611
2007/3/19,2751.4771
2007/3/20,2810.7141
2007/3/21,2859.0061
2007/3/22,2861.146
2007/3/23,2897.999
2007/3/26,2989.051
2007/3/27,3039.5339
2007/3/28,3004.2949
2007/3/29,2894.7791
2007/3/30,2926.064
2007/4/2,2993.6299
2007/4/3,3042.4609
2007/4/4,3078.9009
2007/4/5,3133.1421
2007/4/6,3182.7971
2007/4/9,3240.302
2007/4/10,3261.5271
2007/4/11,3309.7451
2007/4/12,3387.4121
2007/4/13,3358.6321
2007/4/16,3458.0669
2007/4/17,3558.2161
2007/4/18,3649.7141
2007/4/19,3435.78
2007/4/20,3614.3911
2007/4/23,3782.2561
2007/4/24,3821.416
2007/4/25,3805.0459
2007/4/26,3853.269
2007/4/27,3845.813
2007/4/30,3903.689
2007/5/8,4091.1331
2007/5/9,4099.126
2007/5/10,4128.0811
2007/5/11,4109.4028
2007/5/14,4133.8262
2007/5/15,3998.7771
2007/5/16,4118.1392
2007/5/17,4221.9131
2007/5/18,4235.1851
2007/5/21,4364.1558
2007/5/22,4459.813
2007/5/23,4582.3062
2007/5/24,4571.7139
2007/5/25,4649.8569
2007/5/28,4761.7012
2007/5/29,4853.6431
2007/5/30,4456.2788
2007/5/31,4267.7808
2007/6/1,3960.4419
2007/6/4,3618.688
2007/6/5,3659.9409
2007/6/6,3736.9309
2007/6/7,3936.7661
2007/6/8,4002.8679
2007/6/11,4104.5508
2007/6/12,4218.436
2007/6/13,4372.5298
2007/6/14,4311.9751
2007/6/15,4316.5298
2007/6/18,4439.1851
2007/6/19,4529.0332
2007/6/20,4396.2178
2007/6/21,4374.4878
2007/6/22,4123.2148
2007/6/25,3851.9441
2007/6/26,3928.7029
2007/6/27,4022.313
2007/6/28,3757.978
2007/6/29,3585.4861
2007/7/2,3644.79
2007/7/3,3704.7061
2007/7/4,3622.5181
2007/7/5,3380.179
2007/7/6,3591.377
2007/7/9,3711.7141
2007/7/10,3606.187
2007/7/11,3653.311
2007/7/12,3671.175
2007/7/13,3655.845
2007/7/16,3532.064
2007/7/17,3610.3821
2007/7/18,3624.3411
2007/7/19,3640.282
2007/7/20,3788.7439
2007/7/23,3984.7881
2007/7/24,3993.019
2007/7/25,4106.8262
2007/7/26,4190.8809
2007/7/27,4269.7671
2007/7/30,4353.0918
2007/7/31,4403.584
2007/8/1,4161.1348
2007/8/2,4336.811
2007/8/3,4408.0469
2007/8/6,4504.3442
2007/8/7,4470.1421
2007/8/8,4395.4268
2007/8/9,4442.0601
2007/8/10,4348.811
2007/8/13,4329.7651
2007/8/14,4436.2061
2007/8/15,4412.7949
2007/8/16,4438.959
2007/8/17,4390.8828
2007/8/20,4570.5708
2007/8/21,4625.2798
2007/8/22,4685.0581
2007/8/23,4733.8389
2007/8/24,4742.9531
2007/8/27,4724.5439
2007/8/28,4729.791
2007/8/29,4701.439
2007/8/30,4843.707
2007/8/31,4897.6362
2007/9/3,5008.833
2007/9/4,4980.5288
2007/9/5,5010.729
2007/9/6,5065.5151
2007/9/7,4939.231
2007/9/10,5038.9409
2007/9/11,4718.312
2007/9/12,4770.769
2007/9/13,4872.6611
2007/9/14,4936.6938
2007/9/17,5047.5972
2007/9/18,5096.2388
2007/9/19,5029.1011
2007/9/20,5079.0781
2007/9/21,5028.8428
2007/9/24,5054.73
2007/9/25,5013.0601
2007/9/26,4932.521
2007/9/27,4972.7158
2007/9/28,5083.6499
2007/10/8,5088.5962
2007/10/9,5141.8921
2007/10/10,5109.1001
2007/10/11,5005.498
2007/10/12,4891.3862
2007/10/15,4890.5962
2007/10/16,4943.5591
2007/10/17,4929.5361
2007/10/18,4814.4619
2007/10/19,4813.9521
2007/10/22,4688.292
2007/10/23,4688.7222
2007/10/24,4596.6348
2007/10/25,4251.4971
2007/10/26,4228.9458
2007/10/29,4288.7891
2007/10/30,4388.3271
2007/10/31,4550.1831
2007/11/1,4431.0991
2007/11/2,4329.6309
2007/11/5,4361.8721
2007/11/6,4395.0112
2007/11/7,4385.856
2007/11/8,4205.6499
2007/11/9,4153.2358
2007/11/12,4098.5562
2007/11/13,4114.5088
2007/11/14,4263.9951
2007/11/15,4210.7041
2007/11/16,4217.228
2007/11/19,4313.2798
2007/11/20,4371.6758
2007/11/21,4308.4219
2007/11/22,4113.3091
2007/11/23,4193.98
2007/11/26,4151.876
2007/11/27,4108.9512
2007/11/28,4078.041
2007/11/29,4185.2671
2007/11/30,4122.9321
2007/12/3,4170.2632
2007/12/4,4194.0151
2007/12/5,4273.0449
2007/12/6,4291.0679
2007/12/7,4362.2202
2007/12/10,4483.8311
2007/12/11,4534.937
2007/12/12,4544.6812
2007/12/13,4402.6362
2007/12/14,4499.5298
2007/12/17,4506.042
2007/12/18,4467.812
2007/12/19,4565.6221
2007/12/20,4621.3931
2007/12/21,4691.5332
2007/12/24,4772.6382
2007/12/25,4815.209
2007/12/26,4912.8408
2007/12/27,4963.4531
2007/12/28,4947.603
2008/1/2,5123.9341
2008/1/3,5230.749
2008/1/4,5243.0322
2008/1/7,5347.8062
2008/1/8,5200.5518
2008/1/9,5356.4819
2008/1/10,5382.3262
2008/1/11,5376.7969
2008/1/14,5445.1021
2008/1/15,5487.0879
2008/1/16,5412.9111
2008/1/17,5270.9561
2008/1/18,5317.4482
2008/1/21,5097.2261
2008/1/22,4661.8262
2008/1/23,4912.0581
2008/1/24,5080.9258
2008/1/25,5096.6899
2008/1/28,4740.501
2008/1/29,4840.6362
2008/1/30,4851.4258
2008/1/31,4663.415
2008/2/1,4456.9268
2008/2/4,4820.3872
2008/2/5,4838.9951
2008/2/13,4813.5811
2008/2/14,4910.3579
2008/2/15,4886.0161
2008/2/18,5043.144
2008/2/19,5133.3608
2008/2/20,5089.439
2008/2/21,5153.6011
2008/2/22,5029.1982
2008/2/25,4869.6538
2008/2/26,4868.814
2008/2/27,4977.335
2008/2/28,4989.4121
2008/2/29,5057.6172
2008/3/3,5227.7319
2008/3/4,5192.5928
2008/3/5,5214.2378
2008/3/6,5223.8198
2008/3/7,5115.916
2008/3/10,4948.353
2008/3/11,5015.9321
2008/3/12,4881.0298
2008/3/13,4688.6792
2008/3/14,4662.3159
2008/3/17,4302.6138
2008/3/18,3986.3191
2008/3/19,4176.4858
2008/3/20,4347.7432
2008/3/21,4405.856
2008/3/24,4314.5811
2008/3/25,4367.3408
2008/3/26,4352.0532
2008/3/27,4119.7852
2008/3/28,4241.4521
2008/3/31,4044.0979
2008/4/1,3704.2729
2008/4/2,3500.522
2008/4/3,3588.762
2008/4/7,3822.3711
2008/4/8,3908.802
2008/4/9,3695.3059
2008/4/10,3803.4561
2008/4/11,3862.363
2008/4/14,3607.218
2008/4/15,3723.2671
2008/4/16,3633.675
2008/4/17,3511.9141
2008/4/18,3338.2739
2008/4/21,3314.5061
2008/4/22,3266.3831
2008/4/23,3409.7739
2008/4/24,3723.071
2008/4/25,3756.3301
2008/4/28,3729.562
2008/4/29,3759.5449
2008/4/30,3903.178
2008/5/5,4040.1589
2008/5/6,4024.99
2008/5/7,3850.2261
2008/5/8,3985.197
2008/5/9,3986.24
2008/5/12,4069.145
2008/5/13,4078.877
2008/5/14,4168.4858
2008/5/15,4131.252
2008/5/16,4071.9099
2008/5/19,4070.0491
2008/5/20,3813.9351
2008/5/21,3908.772
2008/5/22,3871.553
2008/5/23,3829.645
2008/5/26,3728.751
2008/5/27,3743.5391
2008/5/28,3847.2581
2008/5/29,3749.2161
2008/5/30,3755.6311
2008/6/2,3788.1531
2008/6/3,3771.0969
2008/6/4,3704.0779
2008/6/5,3657.4871
2008/6/6,3629.9231
2008/6/10,3312.7939
2008/6/11,3226.9231
2008/6/12,3197.5449
2008/6/13,3045.105
2008/6/16,2977.8181
2008/6/17,2791.2891
2008/6/18,2951.844
2008/6/19,2702.801
2008/6/20,2764.28
2008/6/23,2717.969
2008/6/24,2806.7739
2008/6/25,2966.895
2008/6/26,3003.302
2008/6/27,2792.7051
2008/6/30,2813.7161
2008/7/1,2765.064
2008/7/2,2811.2251
2008/7/3,2941.521
2008/7/4,2941.085
2008/7/7,3094.845
2008/7/8,3142.3201
2008/7/9,3226.147
2008/7/10,3152.489
2008/7/11,3132.7329
2008/7/14,3198.3521
2008/7/15,3106.3259
2008/7/16,2948.5259
2008/7/17,2918.369
2008/7/18,3015.798
2008/7/21,3139.509
2008/7/22,3150.015
2008/7/23,3122.687
2008/7/24,3200.735
2008/7/25,3172.168
2008/7/28,3215.846
2008/7/29,3150
2008/7/30,3132.766
2008/7/31,3017.217
2008/8/1,3063.812
2008/8/4,2990.168
2008/8/5,2897.725
2008/8/6,2904.186
2008/8/7,2923.745
2008/8/8,2711.964
2008/8/11,2508.59
2008/8/12,2473.417
2008/8/13,2472.3
2008/8/14,2483.696
2008/8/15,2473.717
2008/8/18,2289.296
2008/8/19,2327.019
2008/8/20,2520.737
2008/8/21,2431.101
2008/8/22,2382.523
2008/8/25,2374.06
2008/8/26,2244.993
2008/8/27,2237.867
2008/8/28,2236.824
2008/8/29,2307.158
2008/9/1,2238.047
2008/9/2,2253.773
2008/9/3,2237.28
2008/9/4,2254.688
2008/9/5,2148.741
2008/9/8,2039.889
2008/9/9,2057.561
2008/9/10,2072.808
2008/9/11,2034.247
2008/9/12,2038.66
2008/9/16,1993.461
2008/9/17,1956.035
2008/9/18,1899.323
2008/9/19,2086.826
2008/9/22,2182.792
2008/9/23,2042.197
2008/9/24,2088.549
2008/9/25,2138.065
2008/9/26,2136.001
2008/10/6,2054.042
2008/10/7,2046.191
2008/10/8,1995.61
2008/10/9,1969.815
2008/10/10,1837.404
2008/10/13,1872.947
2008/10/14,1816.32
2008/10/15,1806.791
2008/10/16,1704.565
2008/10/17,1726.4
2008/10/20,1786.564
2008/10/21,1782.664
2008/10/22,1748.84
2008/10/23,1766.59
2008/10/24,1741.181
2008/10/27,1604.758
2008/10/28,1642.055
2008/10/29,1576.931
2008/10/30,1590.226
2008/10/31,1562.022
2008/11/3,1539.795
2008/11/4,1513.495
2008/11/5,1563.369
2008/11/6,1536.598
2008/11/7,1561.221
2008/11/10,1676.277
2008/11/11,1662.848
2008/11/12,1704.226
2008/11/13,1784.497
2008/11/14,1867.485
2008/11/17,1959.072
2008/11/18,1816.285
2008/11/19,1944.327
2008/11/20,1948.681
2008/11/21,1921.04
2008/11/24,1842.344
2008/11/25,1827.642
2008/11/26,1834.774
2008/11/27,1861.518
2008/11/28,1841.45
2008/12/1,1919.475
2008/12/2,1957.322
2008/12/3,2039.927
2008/12/4,2037.723
2008/12/5,2098.656
2008/12/8,2190.532
2008/12/9,2134.58
2008/12/10,2195.743
2008/12/11,2127.183
2008/12/12,2031.992
2008/12/15,2073.029
2008/12/16,2110.244
2008/12/17,2136.309
2008/12/18,2175.357
2008/12/19,2194.994
2008/12/22,2193.475
2008/12/23,2054.535
2008/12/24,2010.104
2008/12/25,2003.488
2008/12/26,1983.757
2008/12/29,1984.755
2008/12/30,1971.466
2008/12/31,1939.433
2009/1/5,2020.243
2009/1/6,2091.892
2009/1/7,2104.922
2009/1/8,2052.3
2009/1/9,2107.766
2009/1/12,2137.841
2009/1/13,2081.672
2009/1/14,2160.064
2009/1/15,2181.061
2009/1/16,2195.634
2009/1/19,2192.807
2009/1/20,2214.839
2009/1/21,2217.626
2009/1/22,2256.367
2009/1/23,2238.082
2009/2/2,2306.769
2009/2/3,2369.654
2009/2/4,2423.887
2009/2/5,2384.764
2009/2/6,2493.74
2009/2/9,2579.228
2009/2/10,2653.213
2009/2/11,2658.05
2009/2/12,2707.922
2009/2/13,2805.01
2009/2/16,2854.444
2009/2/17,2738.58
2009/2/18,2632.908
2009/2/19,2687.489
2009/2/20,2776.955
2009/2/23,2871.792
2009/2/24,2754.24
2009/2/25,2771.098
2009/2/26,2571.276
2009/2/27,2416.949
2009/3/2,2478.808
2009/3/3,2499.826
2009/3/4,2651.405
2009/3/5,2671.575
2009/3/6,2653.469
2009/3/9,2536.01
2009/3/10,2601.417
2009/3/11,2587.371
2009/3/12,2597.232
2009/3/13,2569.629
2009/3/16,2603.058
2009/3/17,2699.594
2009/3/18,2734.547
2009/3/19,2797.155
2009/3/20,2784.106
2009/3/23,2843.879
2009/3/24,2865.333
2009/3/25,2785.664
2009/3/26,2853.411
2009/3/27,2877.88
2009/3/30,2883.214
2009/3/31,2914.128
2009/4/1,2962.839
2009/4/2,2965.735
2009/4/3,2934.253
2009/4/7,2968.519
2009/4/8,2867.168
2009/4/9,2915.024
2009/4/10,3009.376
2009/4/13,3050.372
2009/4/14,3099.429
2009/4/15,3143.821
2009/4/16,3159.26
2009/4/17,3119.419
2009/4/20,3205.884
2009/4/21,3205.076
2009/4/22,3042.638
2009/4/23,3059.709
2009/4/24,3036.761
2009/4/27,2916.114
2009/4/28,2959.952
2009/4/29,3040.04
2009/4/30,3086.217
2009/5/4,3190.254
2009/5/5,3220.615
2009/5/6,3264.579
2009/5/7,3242.626
2009/5/8,3257.588
2009/5/11,3134.573
2009/5/12,3212.139
2009/5/13,3234.151
2009/5/14,3246.557
2009/5/15,3270.738
2009/5/18,3295.651
2009/5/19,3325.531
2009/5/20,3306.474
2009/5/21,3247.475
2009/5/22,3254.534
2009/5/25,3271.501
2009/5/26,3274.849
2009/5/27,3276.748
2009/6/1,3332.337
2009/6/2,3353.922
2009/6/3,3380.188
2009/6/4,3375.87
2009/6/5,3355.778
2009/6/8,3350.238
2009/6/9,3366.911
2009/6/10,3403.208
2009/6/11,3382.997
2009/6/12,3309.587
2009/6/15,3356.714
2009/6/16,3349.35
2009/6/17,3403.962
2009/6/18,3431.281
2009/6/19,3434.055
2009/6/22,3405.13
2009/6/23,3392.112
2009/6/24,3431.444
2009/6/25,3427.473
2009/6/26,3448.461
2009/6/29,3476.788
2009/6/30,3452.263
2009/7/1,3503.754
2009/7/2,3540.509
2009/7/3,3584.858
2009/7/6,3592.64
2009/7/7,3589.187
2009/7/8,3633.433
2009/7/9,3701.79
2009/7/10,3719.97
2009/7/13,3754.344
2009/7/14,3813.876
2009/7/15,3848.632
2009/7/16,3829.207
2009/7/17,3852.863
2009/7/20,3919.426
2009/7/21,3824.288
2009/7/22,3894.563
2009/7/23,3933.113
2009/7/24,3907.967
2009/7/27,3972.644
2009/7/28,4022.91
2009/7/29,3764.64
2009/7/30,3803.124
2009/7/31,3928.584
2009/8/3,4020.266
2009/8/4,4069.346
2009/8/5,4069.338
2009/8/6,4015.421
2009/8/7,3893.125
2009/8/10,3933.047
2009/8/11,3953.293
2009/8/12,3770.137
2009/8/13,3778.14
2009/8/14,3609.698
2009/8/17,3358.103
2009/8/18,3424.775
2009/8/19,3247.526
2009/8/20,3374.351
2009/8/21,3468.042
2009/8/24,3541.804
2009/8/25,3485.924
2009/8/26,3595.115
2009/8/27,3629.513
2009/8/28,3531.41
2009/8/31,3277.997
2009/9/1,3245.274
2009/9/2,3265.074
2009/9/3,3427.442
2009/9/4,3489.063
2009/9/7,3527.254
2009/9/8,3592.806
2009/9/9,3613.41
2009/9/10,3581.683
2009/9/11,3641.816
2009/9/14,3736.576
2009/9/15,3775.213
2009/9/16,3781.064
2009/9/17,3868.667
2009/9/18,3739.732
2009/9/21,3804.331
2009/9/22,3708.199
2009/9/23,3595.706
2009/9/24,3568.669
2009/9/25,3536.811
2009/9/28,3434.655
2009/9/29,3372.074
2009/9/30,3400.623
2009/10/9,3576.444
2009/10/12,3597.863
2009/10/13,3659.081
2009/10/14,3692.648
2009/10/15,3704.404
2009/10/16,3716.897
2009/10/19,3808.181
2009/10/20,3865.832
2009/10/21,3839.947
2009/10/22,3855.768
2009/10/23,3908.435
2009/10/26,3911.653
2009/10/27,3807.976
2009/10/28,3846.415
2009/10/29,3777.505
2009/10/30,3827.683
2009/11/2,3955.783
2009/11/3,4053.212
2009/11/4,4083.482
2009/11/5,4125.781
2009/11/6,4145.137
2009/11/9,4176.188
2009/11/10,4182.77
2009/11/11,4199.549
2009/11/12,4213.245
2009/11/13,4267.008
2009/11/16,4364.973
2009/11/17,4387.552
2009/11/18,4406.779
2009/11/19,4476.138
2009/11/20,4508.293
2009/11/23,4591.339
2009/11/24,4347.657
2009/11/25,4512.08
2009/11/26,4328.408
2009/11/27,4215.338
2009/11/30,4405.328
2009/12/1,4525.288
2009/12/2,4591.384
2009/12/3,4621.941
2009/12/4,4506.082
2009/12/7,4581.242
2009/12/8,4571.764
2009/12/9,4498.152
2009/12/10,4536.557
2009/12/11,4534.763
2009/12/14,4513.594
2009/12/15,4523.493
2009/12/16,4506.039
2009/12/17,4364.926
2009/12/18,4203.48
2009/12/21,4256.389
2009/12/22,4136.822
2009/12/23,4210.173
2009/12/24,4345.296
2009/12/25,4376.193
2009/12/28,4447.205
2009/12/29,4463.604
2009/12/30,4446.067
2009/12/31,4485.255
2010/1/4,4510.527
2010/1/5,4557.475
2010/1/6,4550.279
2010/1/7,4459.155
2010/1/8,4514.452
2010/1/11,4542.949
2010/1/12,4639.632
2010/1/13,4591.024
2010/1/14,4714.1
2010/1/15,4747.648
2010/1/18,4829.062
2010/1/19,4830.016
2010/1/20,4651.074
2010/1/21,4667.209
2010/1/22,4537.88
2010/1/25,4481.16
2010/1/26,4294.383
2010/1/27,4267.113
2010/1/28,4336.381
2010/1/29,4374.649
2010/2/1,4331.366
2010/2/2,4301.768
2010/2/3,4363.079
2010/2/4,4408.441
2010/2/5,4311.293
2010/2/8,4310.894
2010/2/9,4311.891
2010/2/10,4366.25
2010/2/11,4356.517
2010/2/12,4416.219
2010/2/22,4419.547
2010/2/23,4459.155
2010/2/24,4556.281
2010/2/25,4629.965
2010/2/26,4634.671
2010/3/1,4686.266
2010/3/2,4690.293
2010/3/3,4758.434
2010/3/4,4586.523
2010/3/5,4604.586
2010/3/8,4654.583
2010/3/9,4660.126
2010/3/10,4598.994
2010/3/11,4562.872
2010/3/12,4492.861
2010/3/15,4454.76
2010/3/16,4491.465
2010/3/17,4616.053
2010/3/18,4630.953
2010/3/19,4663.903
2010/3/22,4690.198
2010/3/23,4658.626
2010/3/24,4683.065
2010/3/25,4620.749
2010/3/26,4686.931
2010/3/29,4723.611
2010/3/30,4744.423
2010/3/31,4756.157
2010/4/1,4827.214
2010/4/2,4843.175
2010/4/6,4852.904
2010/4/7,4863.639
2010/4/8,4864.922
2010/4/9,4939.176
2010/4/12,4976.38
2010/4/13,4919.873
2010/4/14,4977.508
2010/4/15,4914.747
2010/4/16,4898.67
2010/4/19,4688.836
2010/4/20,4749.934
2010/4/21,4893.978
2010/4/22,4902.405
2010/4/23,4864.164
2010/4/26,4866.553
2010/4/27,4739.269
2010/4/28,4714.432
2010/4/29,4561.4
2010/4/30,4438.681
2010/5/4,4434.131
2010/5/5,4564.807
2010/5/6,4419.781
2010/5/7,4350.758
2010/5/10,4269.108
2010/5/11,4144.352
2010/5/12,4042.516
2010/5/13,4157.842
2010/5/14,4184.841
2010/5/17,3915.752
2010/5/18,3972.154
2010/5/19,3977.377
2010/5/20,3901.257
2010/5/21,3982.385
2010/5/24,4163.477
2010/5/25,4133.346
2010/5/26,4144.662
2010/5/27,4218.637
2010/5/28,4235.322
2010/5/31,4104.364
2010/6/1,4025.789
2010/6/2,4083.616
2010/6/3,4053.985
2010/6/4,4089.035
2010/6/7,4072.568
2010/6/8,4109.317
2010/6/9,4211.881
2010/6/10,4223.566
2010/6/11,4197.995
2010/6/17,4145.243
2010/6/18,3972.286
2010/6/21,4087.017
2010/6/22,4119.722
2010/6/23,4094.568
2010/6/24,4095.295
2010/6/25,4028.433
2010/6/28,3961.382
2010/6/29,3736.982
2010/6/30,3664.464
2010/7/1,3606.593
2010/7/2,3585.576
2010/7/5,3563.882
2010/7/6,3665.334
2010/7/7,3718.662
2010/7/8,3698.342
2010/7/9,3807.604
2010/7/12,3849.52
2010/7/13,3788.751
2010/7/14,3824.046
2010/7/15,3735.395
2010/7/16,3757.432
2010/7/19,3842.313
2010/7/20,3951.358
2010/7/21,3959.427
2010/7/22,4017.864
2010/7/23,4015.467
2010/7/26,4071.094
2010/7/27,4068.864
2010/7/28,4162.321
2010/7/29,4194.04
2010/7/30,4191.13
2010/8/2,4267.895
2010/8/3,4193.641
2010/8/4,4248.014
2010/8/5,4267.955
2010/8/6,4356.012
2010/8/9,4413.568
2010/8/10,4246.46
2010/8/11,4297.904
2010/8/12,4241.592
2010/8/13,4323.052
2010/8/16,4423.315
2010/8/17,4457.759
2010/8/18,4457.127
2010/8/19,4461.488
2010/8/20,4366.604
2010/8/23,4404.718
2010/8/24,4456.497
2010/8/25,4368.304
2010/8/26,4399.284
2010/8/27,4431.444
2010/8/30,4553.023
2010/8/31,4589.289
2010/9/1,4530.229
2010/9/2,4625.395
2010/9/3,4662.96
2010/9/6,4651.963
2010/9/7,4679.942
2010/9/8,4720.375
2010/9/9,4658.009
2010/9/10,4705.31
2010/9/13,4789.693
2010/9/14,4805.416
2010/9/15,4730.143
2010/9/16,4610.916
2010/9/17,4603.489
2010/9/20,4553.12
2010/9/21,4546.724
2010/9/27,4673.602
2010/9/28,4654.345
2010/9/29,4590.317
2010/9/30,4660.605
2010/10/8,4767.967
2010/10/11,4789.155
2010/10/12,4806.029
2010/10/13,4836.737
2010/10/14,4679.548
2010/10/15,4691.45
2010/10/18,4636.639
2010/10/19,4778.607
2010/10/20,4794.194
2010/10/21,4833.8
2010/10/22,4877.927
2010/10/25,4998.5
2010/10/26,5046.148
2010/10/27,4994.774
2010/10/28,4999.59
2010/10/29,5055.492
2010/11/1,5199.525
2010/11/2,5173.066
2010/11/3,5098.539
2010/11/4,5228.296
2010/11/5,5311.77
2010/11/8,5431.091
2010/11/9,5467.839
2010/11/10,5484.742
2010/11/11,5440.099
2010/11/12,5111.189
2010/11/15,5255.267
2010/11/16,5068.465
2010/11/17,4855.85
2010/11/18,4932.401
2010/11/19,5081.03
2010/11/22,5150.665
2010/11/23,5063.237
2010/11/24,5206.149
2010/11/25,5259.81
2010/11/26,5227.648
2010/11/29,5248.747
2010/11/30,5110.875
2010/12/1,5116.837
2010/12/2,5138.487
2010/12/3,5100.366
2010/12/6,5016.528
2010/12/7,5084.583
2010/12/8,5069.97
2010/12/9,4964.901
2010/12/10,5039.165
2010/12/13,5179.021
2010/12/14,5244.038
2010/12/15,5230.68
2010/12/16,5216.851
2010/12/17,5228.337
2010/12/20,5163.529
2010/12/21,5222.792
2010/12/22,5174.539
2010/12/23,5069.523
2010/12/24,4991.544
2010/12/27,4849.63
2010/12/28,4730.497
2010/12/29,4812.532
2010/12/30,4828.489
2010/12/31,4936.716
2011/1/4,5011.498
2011/1/5,5028.766
2011/1/6,5001.283
2011/1/7,4975.144
2011/1/10,4830.562
2011/1/11,4804.822
2011/1/12,4833.58
2011/1/13,4826.757
2011/1/14,4723.426
2011/1/17,4519.913
2011/1/18,4536.964
2011/1/19,4646.087
2011/1/20,4477.359
2011/1/21,4506.322
2011/1/24,4398.495
2011/1/25,4341.909
2011/1/26,4424.892
2011/1/27,4502.808
2011/1/28,4548.206
2011/1/31,4610.86
2011/2/1,4630.58
2011/2/9,4609.717
2011/2/10,4733.973
2011/2/11,4786.806
2011/2/14,4872.495
2011/2/15,4869.687
2011/2/16,4952.667
2011/2/17,4987.48
2011/2/18,4941.432
2011/2/21,5042.967
2011/2/22,4909.745
2011/2/23,4979.057
2011/2/24,5027.731
2011/2/25,5032.797
2011/2/28,5095.208
2011/3/1,5122.441
2011/3/2,5108.74
2011/3/3,5009.047
2011/3/4,5067.621
2011/3/7,5138.248
2011/3/8,5165.735
2011/3/9,5181.368
2011/3/10,5143.413
2011/3/11,5139.746
2011/3/14,5190.037
2011/3/15,5131.332
2011/3/16,5199.358
2011/3/17,5104.134
2011/3/18,5126.934
2011/3/21,5086.108
2011/3/22,5085.812
2011/3/23,5155.337
2011/3/24,5169.264
2011/3/25,5212.345
2011/3/28,5199.552
2011/3/29,5111.153
2011/3/30,5064.545
2011/3/31,5000.402
2011/4/1,5065.076
2011/4/6,5057.84
2011/4/7,5089.751
2011/4/8,5148.799
2011/4/11,5107.137
2011/4/12,5114.459
2011/4/13,5165.207
2011/4/14,5150.869
2011/4/15,5162.415
2011/4/18,5178.894
2011/4/19,5116.144
2011/4/20,5152.395
2011/4/21,5188.111
2011/4/22,5165.123
2011/4/25,5054.768
2011/4/26,4970.572
2011/4/27,4913.497
2011/4/28,4755.416
2011/4/29,4836.866
2011/5/3,4920.57
2011/5/4,4814.781
2011/5/5,4827.212
2011/5/6,4849.969
2011/5/9,4889.92
2011/5/10,4918.674
2011/5/11,4929.488
2011/5/12,4863.795
2011/5/13,4902.564
2011/5/16,4900.706
2011/5/17,4873.954
2011/5/18,4906.189
2011/5/19,4879.892
2011/5/20,4863.185
2011/5/23,4679.527
2011/5/24,4672.076
2011/5/25,4618.748
2011/5/26,4572.942
2011/5/27,4428.894
2011/5/30,4345.048
2011/5/31,4444.276
2011/6/1,4490.892
2011/6/2,4429.999
2011/6/3,4506.196
2011/6/7,4547.303
2011/6/8,4562.972
2011/6/9,4456.73
2011/6/10,4469.049
2011/6/13,4468.787
2011/6/14,4540.939
2011/6/15,4499.694
2011/6/16,4402.143
2011/6/17,4337.367
2011/6/20,4278.753
2011/6/21,4338.422
2011/6/22,4321.219
2011/6/23,4402.938
2011/6/24,4509.18
2011/6/27,4568.189
2011/6/28,4574.477
2011/6/29,4511.545
2011/6/30,4579.332
2011/7/1,4604.746
2011/7/4,4719.391
2011/7/5,4749.424
2011/7/6,4760.917
2011/7/7,4761.452
2011/7/8,4756.614
2011/7/11,4799.42
2011/7/12,4731.118
2011/7/13,4825.419
2011/7/14,4866.165
2011/7/15,4896.043
2011/7/18,4895.26
2011/7/19,4843.705
2011/7/20,4849.057
2011/7/21,4784.388
2011/7/22,4800.938
2011/7/25,4613.73
2011/7/26,4633.372
2011/7/27,4710.379
2011/7/28,4680.898
2011/7/29,4628.32
2011/8/1,4644.462
2011/8/2,4610.783
2011/8/3,4625.173
2011/8/4,4649.425
2011/8/5,4559.018
2011/8/8,4330.771
2011/8/9,4317.107
2011/8/10,4378.698
2011/8/11,4454.394
2011/8/12,4505.886
2011/8/15,4571.719
2011/8/16,4533.321
2011/8/17,4513.485
2011/8/18,4436.101
2011/8/19,4395.019
2011/8/22,4363.959
2011/8/23,4434.922
2011/8/24,4427.978
2011/8/25,4520.171
2011/8/26,4530.423
2011/8/29,4490.158
2011/8/30,4451.726
2011/8/31,4430.538
2011/9/1,4395.069
2011/9/2,4344.977
2011/9/5,4238.069
2011/9/6,4204.908
2011/9/7,4306.361
2011/9/8,4260.155
2011/9/9,4233.748
2011/9/13,4164.288
2011/9/14,4212.129
2011/9/15,4215.5
2011/9/16,4214.816
2011/9/19,4131.885
2011/9/20,4151.851
2011/9/21,4275.094
2011/9/22,4151.8
2011/9/23,4117.735
2011/9/26,4051.425
2011/9/27,4068.231
2011/9/28,3999.782
2011/9/29,3871.06
2011/9/30,3856.828
2011/10/10,3832.577
2011/10/11,3817.927
2011/10/12,3950.655
2011/10/13,4001.853
2011/10/14,3985.193
2011/10/17,3997.121
2011/10/18,3877.024
2011/10/19,3854.169
2011/10/20,3740.469
2011/10/21,3671.695
2011/10/24,3736.765
2011/10/25,3842.978
2011/10/26,3884.39
2011/10/27,3888.992
2011/10/28,3978.8
2011/10/31,3999.362
2011/11/1,3999.831
2011/11/2,4072.781
2011/11/3,4097.618
2011/11/4,4131.13
2011/11/7,4114.767
2011/11/8,4057.555
2011/11/9,4126.003
2011/11/10,4064.371
2011/11/11,4062.144
2011/11/14,4159.567
2011/11/15,4192.665
2011/11/16,4088.323
2011/11/17,4079.536
2011/11/18,3963.258
2011/11/21,3966.636
2011/11/22,3957.93
2011/11/23,3942.695
2011/11/24,3935.273
2011/11/25,3911.356
2011/11/28,3915.298
2011/11/29,3980.618
2011/11/30,3819.942
2011/12/1,3897.019
2011/12/2,3817.041
2011/12/5,3692.227
2011/12/6,3691.804
2011/12/7,3702.103
2011/12/8,3700.089
2011/12/9,3663.843
2011/12/12,3616.087
2011/12/13,3490.4
2011/12/14,3423.474
2011/12/15,3329.575
2011/12/16,3427.214
2011/12/19,3434.845
2011/12/20,3424.448
2011/12/21,3342.401
2011/12/22,3298.724
2011/12/23,3327.394
2011/12/26,3308.072
2011/12/27,3224.148
2011/12/28,3207.399
2011/12/29,3207.181
2011/12/30,3266.775
2012/1/4,3192.234
2012/1/5,3074.368
2012/1/6,3087.546
2012/1/9,3212.904
2012/1/10,3345.391
2012/1/11,3346.742
2012/1/12,3345.812
2012/1/13,3233.701
2012/1/16,3130.558
2012/1/17,3304.88
2012/1/18,3237.852
2012/1/19,3270.765
2012/1/20,3315.603
2012/1/30,3292.409
2012/1/31,3294.494
2012/2/1,3266.234
2012/2/2,3328.153
2012/2/3,3383.05
2012/2/6,3412.405
2012/2/7,3356.838
2012/2/8,3445.52
2012/2/9,3469.846
2012/2/10,3488.229
2012/2/13,3519.875
2012/2/14,3524.625
2012/2/15,3578.149
2012/2/16,3577.202
2012/2/17,3565.306
2012/2/20,3574.458
2012/2/21,3618.302
2012/2/22,3689.004
2012/2/23,3700.888
2012/2/24,3756.825
2012/2/27,3764.326
2012/2/28,3745.58
2012/2/29,3696.144
2012/3/1,3715.673
2012/3/2,3794.416
2012/3/5,3798.377
2012/3/6,3760.585
2012/3/7,3732.707
2012/3/8,3791.827
2012/3/9,3848.108
2012/3/12,3871.12
2012/3/13,3910.064
2012/3/14,3734.317
2012/3/15,3689.014
2012/3/16,3786.617
2012/3/19,3829.696
2012/3/20,3746.284
2012/3/21,3760.047
2012/3/22,3742.388
2012/3/23,3670.129
2012/3/26,3666.279
2012/3/27,3652.876
2012/3/28,3490.007
2012/3/29,3425.702
2012/3/30,3416.856
2012/4/5,3531.549
2012/4/6,3554.027
2012/4/9,3512.914
2012/4/10,3554.038
2012/4/11,3566.476
2012/4/12,3640.407
2012/4/13,3675.028
2012/4/16,3685.481
2012/4/17,3631.556
2012/4/18,3714.02
2012/4/19,3704.705
2012/4/20,3736.365
2012/4/23,3691.574
2012/4/24,3666.395
2012/4/25,3718.911
2012/4/26,3700.028
2012/4/27,3664.638
2012/5/2,3718.259
2012/5/3,3733.816
2012/5/4,3758.004
2012/5/7,3784.556
2012/5/8,3783.472
2012/5/9,3717.47
2012/5/10,3731.131
2012/5/11,3715.385
2012/5/14,3710.097
2012/5/15,3705.883
2012/5/16,3660.312
2012/5/17,3714.186
2012/5/18,3655.858
2012/5/21,3653.546
2012/5/22,3711.055
2012/5/23,3708.919
2012/5/24,3678.093
2012/5/25,3635.516
2012/5/28,3687.455
2012/5/29,3745.678
2012/5/30,3752.219
2012/5/31,3753.593
2012/6/1,3744.437
2012/6/4,3621.808
2012/6/5,3617.614
2012/6/6,3600.163
2012/6/7,3581.137
2012/6/8,3564.158
2012/6/11,3630.314
2012/6/12,3608.391
2012/6/13,3674.875
2012/6/14,3652.705
2012/6/15,3648.994
2012/6/18,3684.727
2012/6/19,3657.958
2012/6/20,3636.09
2012/6/21,3590.837
2012/6/25,3493.116
2012/6/26,3489.972
2012/6/27,3476.403
2012/6/28,3427.819
2012/6/29,3470.965
2012/7/2,3509.503
2012/7/3,3515.778
2012/7/4,3497.748
2012/7/5,3418.202
2012/7/6,3486.546
2012/7/9,3398.805
2012/7/10,3365.665
2012/7/11,3404.104
2012/7/12,3450.302
2012/7/13,3435.084
2012/7/16,3311.089
2012/7/17,3334.286
2012/7/18,3352.848
2012/7/19,3392.656
2012/7/20,3369.913
2012/7/23,3337.856
2012/7/24,3361.09
2012/7/25,3332.085
2012/7/26,3302.336
2012/7/27,3283.592
2012/7/30,3217.452
2012/7/31,3159.192
2012/8/1,3216.184
2012/8/2,3195.863
2012/8/3,3259.856
2012/8/6,3337.267
2012/8/7,3368.252
2012/8/8,3356.485
2012/8/9,3405.058
2012/8/10,3395.849
2012/8/13,3318.1
2012/8/14,3349.585
2012/8/15,3310.839
2012/8/16,3286.828
2012/8/17,3286.778
2012/8/20,3289.439
2012/8/21,3335.753
2012/8/22,3306.111
2012/8/23,3327.99
2012/8/24,3265.749
2012/8/27,3184.331
2012/8/28,3200.993
2012/8/29,3179.54
2012/8/30,3129.495
2012/8/31,3139.5
2012/9/3,3200.306
2012/9/4,3164.826
2012/9/5,3181.8
2012/9/6,3217.936
2012/9/7,3334.66
2012/9/10,3363.605
2012/9/11,3350.088
2012/9/12,3376.122
2012/9/13,3329.299
2012/9/14,3338.038
2012/9/17,3237.704
2012/9/18,3224.259
2012/9/19,3255.866
2012/9/20,3161.763
2012/9/21,3143.71
2012/9/24,3167.161
2012/9/25,3144.408
2012/9/26,3071.989
2012/9/27,3141.082
2012/9/28,3199.752
2012/10/8,3183.365
2012/10/9,3265.617
2012/10/10,3296.923
2012/10/11,3248.045
2012/10/12,3240.399
2012/10/15,3223.189
2012/10/16,3233.229
2012/10/17,3240.778
2012/10/18,3294.835
2012/10/19,3285.445
2012/10/22,3298.488
2012/10/23,3259.067
2012/10/24,3257.921
2012/10/25,3226.172
2012/10/26,3163.295
2012/10/29,3158.943
2012/10/30,3160.687
2012/10/31,3168.097
2012/11/1,3228.19
2012/11/2,3249.552
2012/11/5,3235.352
2012/11/6,3213.26
2012/11/7,3209.141
2012/11/8,3129.568
2012/11/9,3116.978
2012/11/12,3136.308
2012/11/13,3072.121
2012/11/14,3081.254
2012/11/15,3026.844
2012/11/16,3009.153
2012/11/19,3016.159
2012/11/20,3004.183
2012/11/21,3035.282
2012/11/22,2995.093
2012/11/23,3005.459
2012/11/26,2970.323
2012/11/27,2864.169
2012/11/28,2800.537
2012/11/29,2774.176
2012/11/30,2816.624
2012/12/3,2749.134
2012/12/4,2783.412
2012/12/5,2886.186
2012/12/6,2884.348
2012/12/7,2950.193
2012/12/10,3002.231
2012/12/11,2982.027
2012/12/12,2982.885
2012/12/13,2943.276
2012/12/14,3066.231
2012/12/17,3091.875
2012/12/18,3086.584
2012/12/19,3099.092
2012/12/20,3108.86
2012/12/21,3101.074
2012/12/24,3117.698
2012/12/25,3189.088
2012/12/26,3228.675
2012/12/27,3199.481
2012/12/28,3235.195
2012/12/31,3275.86
2013/1/4,3258.251
2013/1/7,3288.369
2013/1/8,3327.04
2013/1/9,3334.987
2013/1/10,3356.35
2013/1/11,3271.179
2013/1/14,3384.745
2013/1/15,3450.682
2013/1/16,3450.56
2013/1/17,3408.022
2013/1/18,3464.645
2013/1/21,3491.122
2013/1/22,3435.434
2013/1/23,3441.745
2013/1/24,3369.732
2013/1/25,3364.061
2013/1/28,3449.794
2013/1/29,3482.519
2013/1/30,3500.578
2013/1/31,3479.638
2013/2/1,3507.709
2013/2/4,3484.362
2013/2/5,3520.646
2013/2/6,3544.385
2013/2/7,3557.667
2013/2/8,3608.589
2013/2/18,3627.776
2013/2/19,3561.357
2013/2/20,3635.375
2013/2/21,3560.317
2013/2/22,3548.358
2013/2/25,3587.587
2013/2/26,3533.204
2013/2/27,3535.896
2013/2/28,3608.199
2013/3/1,3648.422
2013/3/4,3518.717
2013/3/5,3597.922
2013/3/6,3653.934
2013/3/7,3609.64
2013/3/8,3570.38
2013/3/11,3571.105
2013/3/12,3481.175
2013/3/13,3449.35
2013/3/14,3464.854
2013/3/15,3471.214
2013/3/18,3427.12
2013/3/19,3438.072
2013/3/20,3527.772
2013/3/21,3565.02
2013/3/22,3579.92
2013/3/25,3568.523
2013/3/26,3543.812
2013/3/27,3552.257
2013/3/28,3448.977
2013/3/29,3447.285
2013/4/1,3470.96
2013/4/2,3428.5
2013/4/3,3397.232
2013/4/8,3411.13
2013/4/9,3444.371
2013/4/10,3437.267
2013/4/11,3423.217
2013/4/12,3394.517
2013/4/15,3346.851
2013/4/16,3383.081
2013/4/17,3412.416
2013/4/18,3423.012
2013/4/19,3495.242
2013/4/22,3511.624
2013/4/23,3416.449
2013/4/24,3484.568
2013/4/25,3431.401
2013/4/26,3367.766
2013/5/2,3383.398
2013/5/3,3448.64
2013/5/6,3514.457
2013/5/7,3521.477
2013/5/8,3553.848
2013/5/9,3555.769
2013/5/10,3577.327
2013/5/13,3590.758
2013/5/14,3549.303
2013/5/15,3597.106
2013/5/16,3635.755
2013/5/17,3691.399
2013/5/20,3737.748
2013/5/21,3787.059
2013/5/22,3755.874
2013/5/23,3724.229
2013/5/24,3782.071
2013/5/27,3820.427
2013/5/28,3827.782
2013/5/29,3856.319
2013/5/30,3865.134
2013/5/31,3841.218
2013/6/3,3814.51
2013/6/4,3739.724
2013/6/5,3755.148
2013/6/6,3688.736
2013/6/7,3616.21
2013/6/13,3515.05
2013/6/14,3584.978
2013/6/17,3593.371
2013/6/18,3605.758
2013/6/19,3583.298
2013/6/20,3465.004
2013/6/21,3446.483
2013/6/24,3232.962
2013/6/25,3219.134
2013/6/26,3285.818
2013/6/27,3233.222
2013/6/28,3235.978
2013/7/1,3304.591
2013/7/2,3359.053
2013/7/3,3364.184
2013/7/4,3390.488
2013/7/5,3371.529
2013/7/8,3240.477
2013/7/9,3259.911
2013/7/10,3361.395
2013/7/11,3455.884
2013/7/12,3425.135
2013/7/15,3493.441
2013/7/16,3536.313
2013/7/17,3485.074
2013/7/18,3481.201
2013/7/19,3394.306
2013/7/22,3461.281
2013/7/23,3544.966
2013/7/24,3566.282
2013/7/25,3498.242
2013/7/26,3494.159
2013/7/29,3426.593
2013/7/30,3411.219
2013/7/31,3430.743
2013/8/1,3521.152
2013/8/2,3533.609
2013/8/5,3592.538
2013/8/6,3631.124
2013/8/7,3596.318
2013/8/8,3605.85
2013/8/9,3618.744
2013/8/12,3676.195
2013/8/13,3695.552
2013/8/14,3681.082
2013/8/15,3631.321
2013/8/16,3554.348
2013/8/19,3609.028
2013/8/20,3599.637
2013/8/21,3627.501
2013/8/22,3636.469
2013/8/23,3627.97
2013/8/26,3703.593
2013/8/27,3732.098
2013/8/28,3703.92
2013/8/29,3701.083
2013/8/30,3664.148
2013/9/2,3689.959
2013/9/3,3744.871
2013/9/4,3755.239
2013/9/5,3762.569
2013/9/6,3792.832
2013/9/9,3831.927
2013/9/10,3870.923
2013/9/11,3834.258
2013/9/12,3845.068
2013/9/13,3849.82
2013/9/16,3854.207
2013/9/17,3786.292
2013/9/18,3822.123
2013/9/23,3899.625
2013/9/24,3903.518
2013/9/25,3889.221
2013/9/26,3808.216
2013/9/27,3822.758
2013/9/30,3872.893
2013/10/8,3938.068
2013/10/9,3981.058
2013/10/10,3959.63
2013/10/11,4026.916
2013/10/14,4068.32
2013/10/15,4074.083
2013/10/16,3963.212
2013/10/17,3956.965
2013/10/18,3970.641
2013/10/21,4069.033
2013/10/22,4026.516
2013/10/23,3924.219
2013/10/24,3898.156
2013/10/25,3821.779
2013/10/28,3808.703
2013/10/29,3703.86
2013/10/30,3764.453
2013/10/31,3713.829
2013/11/1,3702.445
2013/11/4,3728.188
2013/11/5,3777.404
2013/11/6,3737.106
2013/11/7,3685.04
2013/11/8,3629.94
2013/11/11,3645.84
2013/11/12,3680.536
2013/11/13,3611.76
2013/11/14,3659.83
2013/11/15,3736.452
2013/11/18,3827.882
2013/11/19,3840.365
2013/11/20,3878.584
2013/11/21,3865.41
2013/11/22,3842.756
2013/11/25,3839.602
2013/11/26,3845.676
2013/11/27,3889.755
2013/11/28,3922.666
2013/11/29,3946.383
2013/12/2,3770.865
2013/12/3,3859.955
2013/12/4,3932.998
2013/12/5,3928.724
2013/12/6,3918.783
2013/12/9,3947.704
2013/12/10,3950.486
2013/12/11,3906.78
2013/12/12,3916.962
2013/12/13,3925.434
2013/12/16,3857.715
2013/12/17,3834.027
2013/12/18,3834.045
2013/12/19,3795.023
2013/12/20,3747.002
2013/12/23,3742.738
2013/12/24,3768.703
2013/12/25,3808.453
2013/12/26,3743.132
2013/12/27,3800.774
2013/12/30,3813.003
2013/12/31,3829.096
2014/1/2,3847.879
2014/1/3,3816.316
2014/1/6,3710.898
2014/1/7,3733.662
2014/1/8,3738.205
2014/1/9,3696.023
2014/1/10,3628.634
2014/1/13,3612.02
2014/1/14,3683.534
2014/1/15,3708.142
2014/1/16,3714.314
2014/1/17,3671.915
2014/1/20,3644.125
2014/1/21,3700.108
2014/1/22,3799.042
2014/1/23,3825.486
2014/1/24,3882.668
2014/1/27,3881.947
2014/1/28,3873.81
2014/1/29,3908.45
2014/1/30,3885.416
2014/2/7,3957.671
2014/2/10,4074.63
2014/2/11,4080.378
2014/2/12,4125.412
2014/2/13,4064.423
2014/2/14,4134.16
2014/2/17,4212.745
2014/2/18,4207.699
2014/2/19,4207.994
2014/2/20,4149.071
2014/2/21,4121.917
2014/2/24,4105.792
2014/2/25,3961.439
2014/2/26,3987.48
2014/2/27,3934.727
2014/2/28,3975.929
2014/3/3,4058.799
2014/3/4,4059.567
2014/3/5,4037.784
2014/3/6,4032.756
2014/3/7,4012.447
2014/3/10,3860.244
2014/3/11,3864.26
2014/3/12,3865.662
2014/3/13,3907.146
2014/3/14,3888.975
2014/3/17,3967.15
2014/3/18,3989.201
2014/3/19,3980.673
2014/3/20,3876.578
2014/3/21,3952.392
2014/3/24,3985.861
2014/3/25,3991.144
2014/3/26,4001.502
2014/3/27,3944.044
2014/3/28,3865.295
2014/3/31,3840.536
2014/4/1,3899.488
2014/4/2,3902.043
2014/4/3,3896.28
2014/4/4,3939.229
2014/4/8,3981.625
2014/4/9,4018.547
2014/4/10,4038.84
2014/4/11,4021.194
2014/4/14,4051.33
2014/4/15,4021.906
2014/4/16,4019.883
2014/4/17,4014.94
2014/4/18,4029.262
2014/4/21,3965.337
2014/4/22,3947.169
2014/4/23,3929.168
2014/4/24,3884.811
2014/4/25,3800.681
2014/4/28,3684.593
2014/4/29,3738.926
2014/4/30,3766.17
2014/5/5,3798.288
2014/5/6,3817.98
2014/5/7,3749.965
2014/5/8,3754.011
2014/5/9,3716.022
2014/5/12,3812.758
2014/5/13,3806.89
2014/5/14,3803.803
2014/5/15,3732.337
2014/5/16,3726.656
2014/5/19,3705.364
2014/5/20,3715.71
2014/5/21,3747.334
2014/5/22,3746.14
2014/5/23,3786.563
2014/5/26,3827.487
2014/5/27,3818.322
2014/5/28,3861.588
2014/5/29,3821.867
2014/5/30,3829.238
2014/6/3,3822.716
2014/6/4,3789.294
2014/6/5,3832.055
2014/6/6,3818.333
2014/6/9,3797.429
2014/6/10,3840.019
2014/6/11,3858.051
2014/6/12,3850.113
2014/6/13,3891.557
2014/6/16,3914.981
2014/6/17,3879.344
2014/6/18,3858.099
2014/6/19,3755.694
2014/6/20,3789.342
2014/6/23,3815.879
2014/6/24,3839.203
2014/6/25,3814.03
2014/6/26,3861.95
2014/6/27,3889.323
2014/6/30,3924.903
2014/7/1,3951.726
2014/7/2,3979.31
2014/7/3,4019.647
2014/7/4,4004.561
2014/7/7,4014.488
2014/7/8,4039.707
2014/7/9,3982.404
2014/7/10,3982.198
2014/7/11,4029.751
2014/7/14,4090.802
2014/7/15,4093.113
2014/7/16,4062.119
2014/7/17,4031.44
2014/7/18,4042.521
2014/7/21,4030.242
2014/7/22,4083.288
2014/7/23,4057.113
2014/7/24,4054.223
2014/7/25,4089.801
2014/7/28,4168.373
2014/7/29,4207.862
2014/7/30,4214.836
2014/7/31,4257.045
2014/8/1,4210.219
2014/8/4,4278.847
2014/8/5,4300.12
2014/8/6,4328.601
2014/8/7,4286.09
2014/8/8,4311.697
2014/8/11,4377.018
2014/8/12,4399.806
2014/8/13,4401.809
2014/8/14,4373.504
2014/8/15,4423.636
2014/8/18,4483.544
2014/8/19,4496.938
2014/8/20,4497.399
2014/8/21,4495.44
2014/8/22,4521.752
2014/8/25,4487.142
2014/8/26,4407.588
2014/8/27,4421.212
2014/8/28,4381.494
2014/8/29,4427.879
2014/9/1,4507.442
2014/9/2,4576.12
2014/9/3,4608.557
2014/9/4,4647.886
2014/9/5,4666.474
2014/9/9,4701.699
2014/9/10,4709.909
2014/9/11,4704.942
2014/9/12,4756.949
2014/9/15,4807.555
2014/9/16,4645.546
2014/9/17,4686.047
2014/9/18,4719.009
2014/9/19,4758.727
2014/9/22,4694.229
2014/9/23,4754.472
2014/9/24,4815.71
2014/9/25,4814.735
2014/9/26,4829.935
2014/9/29,4877.435
2014/9/30,4916.119
2014/10/8,4993.531
2014/10/9,5004.001
2014/10/10,4981.853
2014/10/13,4982.681
2014/10/14,4966.083
2014/10/15,4987.707
2014/10/16,4906.244
2014/10/17,4860.732
2014/10/20,4929.16
2014/10/21,4884.024
2014/10/22,4825.609
2014/10/23,4755.231
2014/10/24,4774.666
2014/10/27,4809.518
2014/10/28,4924.955
2014/10/29,4991.755
2014/10/30,4992.63
2014/10/31,4986.416
2014/11/3,5028.698
2014/11/4,5003.47
2014/11/5,4995.443
2014/11/6,5024.848
2014/11/7,4977.255
2014/11/10,5031.001
2014/11/11,4881.48
2014/11/12,4965.384
2014/11/13,4921.671
2014/11/14,4909.609
2014/11/17,4958.466
2014/11/18,4967.651
2014/11/19,4985.101
2014/11/20,4974.626
2014/11/21,5029.773
2014/11/24,5112.119
2014/11/25,5189.001
2014/11/26,5214.21
2014/11/27,5251.389
2014/11/28,5245.267
2014/12/1,5208.139
2014/12/2,5277.657
2014/12/3,5339.005
2014/12/4,5451.962
2014/12/5,5333.892
2014/12/8,5412.674
2014/12/9,5195.406
2014/12/10,5374.097
2014/12/11,5454.443
2014/12/12,5493.2
2014/12/15,5583.597
2014/12/16,5606.693
2014/12/17,5557.286
2014/12/18,5558.045
2014/12/19,5524.122
2014/12/22,5305.209
2014/12/23,5193.722
2014/12/24,5262.365
2014/12/25,5364.563
2014/12/26,5422.751
2014/12/29,5367.637
2014/12/30,5275.085
2014/12/31,5322.714
2015/1/5,5417.017
2015/1/6,5479.864
2015/1/7,5488.242
2015/1/8,5444.037
2015/1/9,5409.058
2015/1/12,5332.221
2015/1/13,5405.091
2015/1/14,5379.738
2015/1/15,5449.038
2015/1/16,5520.123
2015/1/19,5281.895
2015/1/20,5472.514
2015/1/21,5611.694
2015/1/22,5690.156
2015/1/23,5633.289
2015/1/26,5758.979
2015/1/27,5773.816
2015/1/28,5739.919
2015/1/29,5701.205
2015/1/30,5632.728
2015/2/2,5609.389
2015/2/3,5707.476
2015/2/4,5683.519
2015/2/5,5654.217
2015/2/6,5534.785
2015/2/9,5504.974
2015/2/10,5580.704
2015/2/11,5641.786
2015/2/12,5681.341
2015/2/13,5769.272
2015/2/16,5869.713
2015/2/17,5911.098
2015/2/25,5906.538
2015/2/26,5969.557
2015/2/27,6018.463
2015/3/2,6139.792
2015/3/3,6118.656
2015/3/4,6210.421
2015/3/5,6208.988
2015/3/6,6133.026
2015/3/9,6212.236
2015/3/10,6276.485
2015/3/11,6262.892
2015/3/12,6260.137
2015/3/13,6329.576
2015/3/16,6516.765
2015/3/17,6618.054
2015/3/18,6728.068
2015/3/19,6782.463
2015/3/20,6850.897
2015/3/23,7017.154
2015/3/24,7046.123
2015/3/25,7124.872
2015/3/26,7074.437
2015/3/27,7155.945
2015/3/30,7245.497
2015/3/31,7253.104
2015/4/1,7425.733
2015/4/2,7560.648
2015/4/3,7679.01
2015/4/7,7863.284
2015/4/8,7807.997
2015/4/9,7746.151
2015/4/10,7952.189
2015/4/13,8122.893
2015/4/14,8119.959
2015/4/15,7802.747
2015/4/16,7912.088
2015/4/17,7980.76
2015/4/20,7839.901
2015/4/21,8112.687
2015/4/22,8323.427
2015/4/23,8410.703
2015/4/24,8419.095
2015/4/27,8513.016
2015/4/28,8266.483
2015/4/29,8428.254
2015/4/30,8469.673
2015/5/4,8510.481
2015/5/5,8199.344
2015/5/6,8082.999
2015/5/7,7903.478
2015/5/8,8201.293
2015/5/11,8558.218
2015/5/12,8745.678
2015/5/13,8824.929
2015/5/14,8813.393
2015/5/15,8742.885
2015/5/18,8903.595
2015/5/19,9124.833
2015/5/20,9277.331
2015/5/21,9619.223
2015/5/22,9778.171
2015/5/25,10040.09
2015/5/26,10373.58
2015/5/27,10497.34
2015/5/28,9868.424
2015/5/29,9966.845
2015/6/1,10488.31
2015/6/2,10886.4
2015/6/3,10979.99
2015/6/4,10965.41
2015/6/5,11144.52
2015/6/8,11030.9164
2015/6/9,11013.7365
2015/6/10,11208.0577
2015/6/11,11366.2931
2015/6/12,11545.8906
2015/6/15,11332.892
2015/6/16,10879.8358
2015/6/17,11100.5456
2015/6/18,10731.3787
2015/6/19,9987.4074
2015/6/23,10046.8849
2015/6/24,10267.6266
2015/6/25,9906.1037
2015/6/26,9078.0648
2015/6/29,8484.6434
2015/6/30,8906.0202
2015/7/1,8411.9097
2015/7/2,7835.1035
2015/7/3,7355.491
2015/7/6,7235.999
2015/7/7,6763.5263
2015/7/8,6602.3735
2015/7/9,6896.3516
2015/7/10,7244.7842
2015/7/13,7695.6351
2015/7/14,7859.0574
2015/7/15,7405.2945
2015/7/16,7578.7585
2015/7/17,7994.6971
2015/7/20,8116.4956
2015/7/21,8220.4627
2015/7/22,8320.2364
2015/7/23,8551.9909
2015/7/24,8425.0739
2015/7/27,7794.1809
2015/7/28,7649.8199
2015/7/29,8022.7956
2015/7/30,7800.5799
2015/7/31,7727.0608
2015/8/3,7540.2053
2015/8/4,7942.0952
2015/8/5,7839.3375
2015/8/6,7792.0278
2015/8/7,8013.3187
2015/8/10,8394.0862
2015/8/11,8435.3271
2015/8/12,8336.3365
2015/8/13,8534.4288
2015/8/14,8625.2423
2015/8/17,8820.4567
2015/8/18,8161.2687
2015/8/19,8340.9828
2015/8/20,8049.5116
2015/8/21,7612.9024
2015/8/24,7006.1885
2015/8/25,6481.4117
2015/8/26,6238.5256
2015/8/27,6456.0548
2015/8/28,6842.8938
2015/8/31,6581.3127
2015/9/1,6169.2072
2015/9/2,6122.5533
2015/9/7,6143.5566
2015/9/8,6374.8551
2015/9/9,6551.0072
2015/9/10,6440.3093
2015/9/11,6493.3191
2015/9/14,6049.7904
2015/9/15,5708.0299
2015/9/16,6084.8367
2015/9/17,5965.409
2015/9/18,6036.8814
2015/9/21,6250.4393
2015/9/22,6295.9258
2015/9/23,6224.6006
2015/9/24,6315.1101
2015/9/25,6108.3764
2015/9/28,6219.6917
2015/9/29,6103.6058
2015/9/30,6123.7274
2015/10/8,6372.4924
2015/10/9,6470.0514
2015/10/12,6718.7221
2015/10/13,6802.0769
2015/10/14,6724.4957
2015/10/15,6929.2374
2015/10/16,7047.5599
2015/10/19,7047.3718
2015/10/20,7162.0754
2015/10/21,6712.7386
2015/10/22,6964.2976
2015/10/23,7138.2344
2015/10/26,7186.7548
2015/10/27,7231.4362
2015/10/28,7048.8952
2015/10/29,7108.9748
2015/10/30,7084.9706
2015/11/2,6936.4315
2015/11/3,6920.1029
2015/11/4,7267.9884
2015/11/5,7276.4505
2015/11/6,7446.8471
2015/11/9,7543.8014
2015/11/10,7575.0084
2015/11/11,7684.666
2015/11/12,7682.4517
2015/11/13,7567.108
2015/11/16,7718.8548
2015/11/17,7650.3808
2015/11/18,7526.9417
2015/11/19,7718.6217
2015/11/20,7806.2655
2015/11/23,7744.1822
2015/11/24,7798.4975
2015/11/25,7922.3841
2015/11/26,7874.0797
2015/11/27,7376.1243
2015/11/30,7408.3988
2015/12/1,7443.9452
2015/12/2,7405.8596
2015/12/3,7570.5077
2015/12/4,7511.6749
2015/12/7,7602.2276
2015/12/8,7404.142
2015/12/9,7374.2742
2015/12/10,7350.2098
2015/12/11,7290.7017
2015/12/14,7441.0301
2015/12/15,7498.1813
2015/12/16,7529.4028
2015/12/17,7716.246
2015/12/18,7699.37
2015/12/21,7788.5639
2015/12/22,7856.6081
2015/12/23,7773.2825
2015/12/24,7753.0367
2015/12/25,7792.1244
2015/12/28,7603.3609
2015/12/29,7674.3881
2015/12/30,7741.0472
2015/12/31,7617.689
2016/1/4,6983.4044
2016/1/5,6889.7414
2016/1/6,7065.6068
2016/1/7,6462.2428
2016/1/8,6570.4316
2016/1/11,6128.6558
2016/1/12,6136.6632
2016/1/13,5924.044
2016/1/14,6124.8202
2016/1/15,5893.6815
2016/1/18,5978.9076
2016/1/19,6197.0947
2016/1/20,6138.5031
2016/1/21,5886.8835
2016/1/22,5980.6111
2016/1/25,6041.3261
2016/1/26,5589.3069
2016/1/27,5514.1886
2016/1/28,5271.2325
2016/1/29,5469.1254
2016/2/1,5399.4771
2016/2/2,5586.6266
2016/2/3,5610.1734
2016/2/4,5721.4853
2016/2/5,5664.1971
2016/2/15,5668.0398
2016/2/16,5902.5341
2016/2/17,5971.4123
2016/2/18,5957.1305
2016/2/19,5979.5164
2016/2/22,6103.7225
2016/2/23,6070.4998
2016/2/24,6111.0427
2016/2/25,5626.0522
2016/2/26,5648.9376
2016/2/29,5350.4337
2016/3/1,5473.6349
2016/3/2,5753.1482
2016/3/3,5776.977
2016/3/4,5621.5614
2016/3/7,5752.5482
2016/3/8,5764.3253
2016/3/9,5617.0376
2016/3/10,5521.948
2016/3/11,5508.9818
2016/3/14,5690.5904
2016/3/15,5639.8012
2016/3/16,5562.8037
2016/3/17,5745.975
2016/3/18,5949.2627
2016/3/21,6099.4805
2016/3/22,6075.4922
2016/3/23,6118.9664
2016/3/24,6018.4242
2016/3/25,6077.4312
2016/3/28,6037.7782
2016/3/29,5921.8672
2016/3/30,6137.5034
2016/3/31,6155.8138
2016/4/1,6124.5278
2016/4/5,6286.5826
2016/4/6,6323.4342
2016/4/7,6228.9737
2016/4/8,6168.7419
2016/4/11,6304.3004
2016/4/12,6252.7729
2016/4/13,6344.2255
2016/4/14,6401.8545
2016/4/15,6384.3496
2016/4/18,6281.2024
2016/4/19,6308.229
2016/4/20,6022.2126
2016/4/21,5970.682
2016/4/22,6011.3201
2016/4/25,5978.0772
2016/4/26,6046.7734
2016/4/27,6016.699
2016/4/28,5990.3285
2016/4/29,5985.594
2016/5/3,6167.4537
2016/5/4,6169.7826
2016/5/5,6203.8166
2016/5/6,5961.489
2016/5/9,5743.6473
2016/5/10,5738.8961
2016/5/11,5723.4104
2016/5/12,5726.4555
2016/5/13,5714.3107
2016/5/16,5812.5423
2016/5/17,5790.3416
2016/5/18,5631.1927
2016/5/19,5666.7331
2016/5/20,5732.9018
2016/5/23,5809.4761
2016/5/24,5743.1782
2016/5/25,5715.1834
2016/5/26,5744.3876
2016/5/27,5739.5897
2016/5/30,5711.3152
2016/5/31,5947.3224
2016/6/1,5973.7799
2016/6/2,6013.8942
2016/6/3,6032.603
2016/6/6,6051.8595
2016/6/7,6045.3571
2016/6/8,6023.8776
2016/6/13,5746.4438
2016/6/14,5762.7612
2016/6/15,5952.846
2016/6/16,5930.5454
2016/6/17,5964.2724
2016/6/20,5985.5691
2016/6/21,5916.8032
2016/6/22,6008.8857
2016/6/23,5978.1737
2016/6/24,5903.6202
2016/6/27,6044.2191
2016/6/28,6107.5105
2016/6/29,6120.2021
2016/6/30,6123.4939
2016/7/1,6111.5385
2016/7/4,6231.8811
2016/7/5,6269.5046
2016/7/6,6297.3969
2016/7/7,6319.7926
2016/7/8,6299.8533
2016/7/11,6312.4988
2016/7/12,6395.1448
2016/7/13,6446.5634
2016/7/14,6455.5827
2016/7/15,6441.0159
2016/7/18,6412.0731
2016/7/19,6431.9383
2016/7/20,6417.9223
2016/7/21,6442.7093
2016/7/22,6390.9254
2016/7/25,6408.7831
2016/7/26,6494.4743
2016/7/27,6229.2885
2016/7/28,6243.2883
2016/7/29,6202.8923
2016/8/1,6109.2782
2016/8/2,6168.5088
2016/8/3,6198.3885
2016/8/4,6238.2309
2016/8/5,6203.2872
2016/8/8,6290.7562
2016/8/9,6341.5497
2016/8/10,6318.2681
2016/8/11,6226.3129
2016/8/12,6299.0915
2016/8/15,6442.5272
2016/8/16,6468.8946
2016/8/17,6488.3648
2016/8/18,6490.408
2016/8/19,6499.5548
2016/8/22,6420.3544
2016/8/23,6428.6978
2016/8/24,6435.0586
2016/8/25,6382.5704
2016/8/26,6410.7335
2016/8/29,6427.5291
2016/8/30,6425.7543
2016/8/31,6434.2103
2016/9/1,6381.4755
2016/9/2,6356.9538
2016/9/5,6391.7923
2016/9/6,6492.9722
2016/9/7,6494.3159
2016/9/8,6517.9835
2016/9/9,6471.053
2016/9/12,6291.6364
2016/9/13,6320.0315
2016/9/14,6278.158
2016/9/19,6344.181
2016/9/20,6342.0328
2016/9/21,6343.7541
2016/9/22,6385.6353
2016/9/23,6370.5834
2016/9/26,6241.5157
2016/9/27,6286.9093
2016/9/28,6281.2838
2016/9/29,6298.7911
2016/9/30,6328.0856
2016/10/10,6447.6934
2016/10/11,6486.4254
2016/10/12,6482.7379
2016/10/13,6484.831
2016/10/14,6469.4915
2016/10/17,6413.1487
2016/10/18,6509.2821
2016/10/19,6495.2574
2016/10/20,6498.2375
2016/10/21,6475.2807
2016/10/24,6539.4661
2016/10/25,6563.3539
2016/10/26,6530.3898
2016/10/27,6517.3594
2016/10/28,6455.8349
2016/10/31,6452.2058
2016/11/1,6507.95
2016/11/2,6455.1295
2016/11/3,6483.7322
2016/11/4,6462.5928
2016/11/7,6468.8171
2016/11/8,6503.1781
2016/11/9,6453.5718
2016/11/10,6536.9651
2016/11/11,6583.8864
2016/11/14,6615.0071
2016/11/15,6640.4616
2016/11/16,6644.1878
2016/11/17,6636.469
2016/11/18,6602.3265
2016/11/21,6611.5399
2016/11/22,6661.246
2016/11/23,6631.1733
2016/11/24,6623.0489
2016/11/25,6652.8177
2016/11/28,6670.8035
2016/11/29,6620.7949
2016/11/30,6585.5776
2016/12/1,6624.4657
2016/12/2,6520.9745
2016/12/5,6486.0173
2016/12/6,6490.8897
2016/12/7,6558.0247
2016/12/8,6527.4338
2016/12/9,6513.9155
2016/12/12,6249.0784
2016/12/13,6278.1793
2016/12/14,6239.4989
2016/12/15,6280.3981
2016/12/16,6318.5239
2016/12/19,6320.7324
2016/12/20,6300.6383
2016/12/21,6347.6058
2016/12/22,6341.7879
2016/12/23,6281.9966
2016/12/26,6294.7546
2016/12/27,6288.8594
2016/12/28,6270.2395
2016/12/29,6252.6076
2016/12/30,6263.6256
2017/1/3,6320.7626
2017/1/4,6394.6694
2017/1/5,6399.2841
2017/1/6,6371.6168
2017/1/9,6415.4176
2017/1/10,6393.9283
2017/1/11,6331.9638
2017/1/12,6272.851
2017/1/13,6194.6575
2017/1/16,6031.2414
2017/1/17,6082.0657
2017/1/18,6068.593
2017/1/19,6043.675
2017/1/20,6121.9983
2017/1/23,6172.1671
2017/1/24,6165.2642
2017/1/25,6179.5681
2017/1/26,6223.7061
2017/2/3,6207.0921
2017/2/6,6259.2471
2017/2/7,6255.927
2017/2/8,6291.5977
2017/2/9,6331.1771
2017/2/10,6337.1081
2017/2/13,6369.6526
2017/2/14,6374.8852
2017/2/15,6311.6959
2017/2/16,6359.3361
2017/2/17,6307.1627
2017/2/20,6385.0625
2017/2/21,6434.4383
2017/2/22,6474.225
2017/2/23,6473.993
2017/2/24,6476.1655
2017/2/27,6424.2549
2017/2/28,6450.9701
2017/3/1,6467.6385
2017/3/2,6434.6262
2017/3/3,6452.839
2017/3/6,6517.3235
2017/3/7,6523.1868
2017/3/8,6497.0878
2017/3/9,6439.3822
2017/3/10,6447.9165
2017/3/13,6507.8964
2017/3/14,6493.4846
2017/3/15,6486.0616
2017/3/16,6543.3407
2017/3/17,6483.2463
2017/3/20,6498.3416
2017/3/21,6515.9458
2017/3/22,6499.7928
2017/3/23,6512.1874
2017/3/24,6546.615
2017/3/27,6516.0326
2017/3/28,6498.6902
2017/3/29,6480.543
2017/3/30,6375.7437
2017/3/31,6401.6479
2017/4/5,6539.9665
2017/4/6,6559.6526
2017/4/7,6578.726
2017/4/10,6566.5441
2017/4/11,6629.1661
2017/4/12,6576.4761
2017/4/13,6615.7042
2017/4/14,6528.1624
2017/4/17,6456.598
2017/4/18,6418.2114
2017/4/19,6350.6465
2017/4/20,6347.7732
2017/4/21,6300.7128
2017/4/24,6138.5049
2017/4/25,6160.4612
2017/4/26,6176.3981
2017/4/27,6192.3044
2017/4/28,6211.8624
2017/5/2,6216.115
2017/5/3,6197.4779
2017/5/4,6176.3053
2017/5/5,6089.6828
2017/5/8,5975.5395
2017/5/9,6012.0016
2017/5/10,5885.841
2017/5/11,5872.6391
2017/5/12,5863.7832
2017/5/15,5893.5075
2017/5/16,6014.7344
2017/5/17,6027.6504
2017/5/18,5976.2998
2017/5/19,5974.9772
2017/5/22,5888.8127
2017/5/23,5764.8759
2017/5/24,5799.2499
2017/5/25,5850.8006
2017/5/26,5836.9338
2017/5/31,5824.1042
2017/6/1,5709.9994
2017/6/2,5772.5174
2017/6/5,5815.8022
2017/6/6,5841.5232
2017/6/7,5955.0153
2017/6/8,5958.977
2017/6/9,5969.2741
2017/6/12,5902.8551
2017/6/13,5980.0566
2017/6/14,5966.4314
2017/6/15,6021.1651
2017/6/16,6012.9996
2017/6/19,6057.4115
2017/6/20,6066.9046
2017/6/21,6078.1925
2017/6/22,5992.3352
2017/6/23,6010.3137
2017/6/26,6111.6406
2017/6/27,6113.1658
2017/6/28,6086.2112
2017/6/29,6116.9932
2017/6/30,6138.1556
2017/7/3,6177.3953
2017/7/4,6146.8527
2017/7/5,6193.9641
2017/7/6,6201.6535
2017/7/7,6226.0108
2017/7/10,6206.5568
2017/7/11,6128.9942
2017/7/12,6132.9922
2017/7/13,6149.9337
2017/7/14,6128.7397
2017/7/17,5876.4592
2017/7/18,5938.4342
2017/7/19,6059.3582
2017/7/20,6099.2835
2017/7/21,6126.1083
2017/7/24,6167.1282
2017/7/25,6153.5984
2017/7/26,6146.7028
2017/7/27,6184.0207
2017/7/28,6215.4633
2017/7/31,6298.0004
2017/8/1,6286.5362
2017/8/2,6251.8627
2017/8/3,6261.9676
2017/8/4,6225.1151
2017/8/7,6303.4209
2017/8/8,6303.716
2017/8/9,6340.022
2017/8/10,6289.2174
2017/8/11,6161.1903
2017/8/14,6292.6418
2017/8/15,6314.7608
2017/8/16,6318.7986
2017/8/17,6366.034
2017/8/18,6347.7557
2017/8/21,6403.7803
2017/8/22,6375.9814
2017/8/23,6322.7819
2017/8/24,6278.59
2017/8/25,6346.5305
2017/8/28,6424.5841
2017/8/29,6408.1567
2017/8/30,6453.4636
2017/8/31,6470.4259
2017/9/1,6526.5046
2017/9/4,6564.6804
2017/9/5,6571.8591
2017/9/6,6607.1176
2017/9/7,6558.5963
2017/9/8,6574.1826
2017/9/11,6649.6276
2017/9/12,6644.0118
2017/9/13,6684.3798
2017/9/14,6672.1849
2017/9/15,6622.0438
2017/9/18,6669.4548
2017/9/19,6636.0201
2017/9/20,6692.4724
2017/9/21,6612.0456
2017/9/22,6572.0096
2017/9/25,6489.8441
2017/9/26,6520.7175
2017/9/27,6583.1401
2017/9/28,6567.7915
2017/9/29,6603.2587
2017/10/9,6678.371
2017/10/10,6705.4812
2017/10/11,6666.4696
2017/10/12,6659.0957
2017/10/13,6709.8164
2017/10/16,6619.2056
2017/10/17,6612.9428
2017/10/18,6563.4369
2017/10/19,6501.3999
2017/10/20,6571.424
2017/10/23,6612.7637
2017/10/24,6603.0042
2017/10/25,6647.892
2017/10/26,6671.9288
2017/10/27,6630.8067
2017/10/30,6511.7616
2017/10/31,6560.2054
2017/11/1,6552.9545
2017/11/2,6484.9258
2017/11/3,6426.9799
2017/11/6,6511.0958
2017/11/7,6551.9363
2017/11/8,6561.6897
2017/11/9,6611.3517
2017/11/10,6641.2164
2017/11/13,6671.2054
2017/11/14,6614.5136
2017/11/15,6537.6563
2017/11/16,6558.3085
2017/11/17,6361.9415
2017/11/20,6433.1702
2017/11/21,6456.352
2017/11/22,6439.4419
2017/11/23,6274.5116
2017/11/24,6278.0287
2017/11/27,6194.5522
2017/11/28,6299.3122
2017/11/29,6318.3684
2017/11/30,6263.421
2017/12/1,6316.4072
2017/12/4,6279.6206
2017/12/5,6132.912
2017/12/6,6172.8031
2017/12/7,6135.4702
2017/12/8,6203.1433
2017/12/11,6286.1656
2017/12/12,6233.2115
2017/12/13,6277.441
2017/12/14,6284.0807
2017/12/15,6235.7608
2017/12/18,6199.9889
2017/12/19,6251.2416
2017/12/20,6199.3628
2017/12/21,6238.4987
2017/12/22,6242.8847
2017/12/25,6185.5907
2017/12/26,6220.1473
2017/12/27,6173.1528
2017/12/28,6204.2702
2017/12/29,6250.8207
2018/1/2,6332.2269
2018/1/3,6388.2533
2018/1/4,6417.535
2018/1/5,6417.2537
2018/1/8,6446.1818
2018/1/9,6445.7462
2018/1/10,6405.9395
2018/1/11,6425.9401
2018/1/12,6399.3737
2018/1/15,6253.3759
2018/1/16,6301.1327
2018/1/17,6267.4599
2018/1/18,6286.8007
2018/1/19,6272.38
2018/1/22,6347.6383
2018/1/23,6354.9978
2018/1/24,6394.2999
2018/1/25,6382.7165
2018/1/26,6383.6312
2018/1/29,6309.8836
2018/1/30,6313.442
2018/1/31,6189.3413
2018/2/1,5984.7428
2018/2/2,6004.8494
2018/2/5,5998.2236
2018/2/6,5704.2641
2018/2/7,5711.3322
2018/2/8,5766.4797
2018/2/9,5554.8974
2018/2/12,5699.0979
2018/2/13,5736.9505
2018/2/14,5754.8344
2018/2/22,5875.7272
2018/2/23,5897.6765
2018/2/26,6029.6795
2018/2/27,6010.5573
2018/2/28,6023.677
2018/3/1,6090.2247
2018/3/2,6056.3354
2018/3/5,6064.0983
2018/3/6,6145.5768
2018/3/7,6086.4874
2018/3/8,6131.5142
2018/3/9,6206.9754
2018/3/12,6295.7776
2018/3/13,6254.1457
2018/3/14,6189.317
2018/3/15,6180.1108
2018/3/16,6146.3058
2018/3/19,6153.8339
2018/3/20,6173.6984
2018/3/21,6129.2042
2018/3/22,6101.2276
2018/3/23,5787.1523
2018/3/26,5902.9588
2018/3/27,6034.775
2018/3/28,5973.3414
2018/3/29,6034.8572
2018/3/30,6114.7382
2018/4/2,6121.9642
2018/4/3,6059.7089
2018/4/4,6017.6863
2018/4/9,6025.6493
2018/4/10,6063.7423
2018/4/11,6086.6126
2018/4/12,6051.3346
2018/4/13,6027.1867
2018/4/16,6012.4053
2018/4/17,5890.8571
2018/4/18,5970.6577
2018/4/19,6004.7334
2018/4/20,5880.8359
2018/4/23,5823.9205
2018/4/24,5957.1927
2018/4/25,5959.422
2018/4/26,5847.9766
2018/4/27,5860.9836
2018/5/2,5855.3233
2018/5/3,5910.6058
2018/5/4,5909.2944
2018/5/7,6019.1409
2018/5/8,6041.8143
2018/5/9,6029.2329
2018/5/10,6040.5716
2018/5/11,5991.3424
2018/5/14,5967.5541
2018/5/15,6020.5697
2018/5/16,6004.0696
2018/5/17,5973.7785
2018/5/18,5995.1497
2018/5/21,6072.1991
2018/5/22,6092.9069
2018/5/23,6013.8472
2018/5/24,5992.6209
2018/5/25,5917.7978
2018/5/28,5891.2627
2018/5/29,5835.4456
2018/5/30,5682.5881
2018/5/31,5754.4746
2018/6/1,5685.1155
2018/6/4,5683.1486
2018/6/5,5779.0778
2018/6/6,5774.2575
2018/6/7,5738.0176
2018/6/8,5669.3031
2018/6/11,5632.3566
2018/6/12,5693.3461
2018/6/13,5607.0173
2018/6/14,5586.9314
2018/6/15,5483.9446
2018/6/19,5141.7095
2018/6/20,5198.3935
2018/6/21,5089.2522
2018/6/22,5160.1228
2018/6/25,5125.0333
2018/6/26,5160.2829
2018/6/27,5109.4975
2018/6/28,5055.1093
2018/6/29,5217.7643
2018/7/2,5138.7826
2018/7/3,5197.1313
2018/7/4,5121.3436
2018/7/5,4982.7627
2018/7/6,4996.6299
2018/7/9,5107.5507
2018/7/10,5136.5326
2018/7/11,5036.1565
2018/7/12,5172.5032
2018/7/13,5204.1855
2018/7/16,5195.2002
2018/7/17,5196.1969
2018/7/18,5156.6363
2018/7/19,5111.3271
2018/7/20,5175.2516
2018/7/23,5214.0038
2018/7/24,5304.641
2018/7/25,5308.6569
2018/7/26,5273.4789
2018/7/27,5249.2904
2018/7/30,5185.151
2018/7/31,5188.7166
2018/8/1,5105.3741
2018/8/2,4996.012
2018/8/3,4929.75
2018/8/6,4825.2508
2018/8/7,4956.8718
2018/8/8,4880.5694
2018/8/9,5004.7733
2018/8/10,5030.5148
2018/8/13,5055.2753
2018/8/14,5037.8831
2018/8/15,4932.8063
2018/8/16,4888.3712
2018/8/17,4803.0285
2018/8/20,4832.6512
2018/8/21,4891.9801
2018/8/22,4837.0183
2018/8/23,4863.6651
2018/8/24,4852.2887
2018/8/27,4960.0655
2018/8/28,4974.2072
2018/8/29,4941.9607
2018/8/30,4867.1214
2018/8/31,4814.8237
2018/9/3,4838.873
2018/9/4,4890.2806
2018/9/5,4815.0343
2018/9/6,4793.3454
2018/9/7,4791.7779
2018/9/10,4704.8782
2018/9/11,4702.9032
2018/9/12,4693.9743
2018/9/13,4721.2121
2018/9/14,4670.0799
2018/9/17,4602.3901
2018/9/18,4683.5056
2018/9/19,4736.8934
2018/9/20,4733.4806
2018/9/21,4805.2151
2018/9/25,4792.5507
2018/9/26,4815.6306
2018/9/27,4755.3803
2018/9/28,4800.7287
2018/10/8,4646.4929
2018/10/9,4634.8939
2018/10/10,4629.8877
2018/10/11,4307.4208
2018/10/12,4278.0353
2018/10/15,4199.1532
2018/10/16,4099.6831
2018/10/17,4133.3832
2018/10/18,4018.4614
2018/10/19,4127.9854
2018/10/22,4333.1445
2018/10/23,4253.5561
2018/10/24,4245.4884
2018/10/25,4234.4208
2018/10/26,4233.9585
2018/10/29,4162.5255
2018/10/30,4204.5424
2018/10/31,4272.5518
2018/11/1,4298.9837
2018/11/2,4437.9456
2018/11/5,4440.8274
2018/11/6,4438.0965
2018/11/7,4415.136
2018/11/8,4382.3286
2018/11/9,4368.6143
2018/11/12,4481.6881
2018/11/13,4563.5351
2018/11/14,4545.5089
2018/11/15,4619.8141
2018/11/16,4659.0965
2018/11/19,4670.737
2018/11/20,4537.4493
2018/11/21,4554.6747
2018/11/22,4551.3264
2018/11/23,4374.7644
2018/11/26,4367.4619
2018/11/27,4387.6515
2018/11/28,4441.8569
2018/11/29,4345.703
2018/11/30,4376.6511
2018/12/3,4515.1735
2018/12/4,4536.2104
2018/12/5,4502.7021
2018/12/6,4411.0884
2018/12/7,4410.9593
2018/12/10,4359.3122
2018/12/11,4395.5702
2018/12/12,4393.324
2018/12/13,4443.1572
2018/12/14,4337.1025
2018/12/17,4330.6465
2018/12/18,4307.2675
2018/12/19,4247.8991
2018/12/20,4259.7614
2018/12/21,4231.144
2018/12/24,4274.7218
2018/12/25,4225.5124
2018/12/26,4208.4053
2018/12/27,4161.2702
2018/12/28,4168.0363
2019/1/2,4131.9567
2019/1/3,4112.807
2019/1/4,4210.8786
2019/1/7,4288.3234
2019/1/8,4277.2967
2019/1/9,4288.7717
2019/1/10,4281.8606
2019/1/11,4314.8757
2019/1/14,4286.5474
2019/1/15,4347.3555
2019/1/16,4336.8779
2019/1/17,4303.7308
2019/1/18,4347.8112
2019/1/21,4373.6333
2019/1/22,4308.2518
2019/1/23,4315.6846
2019/1/24,4338.17
2019/1/25,4318.4417
2019/1/28,4307.2196
2019/1/29,4254.2875
2019/1/30,4211.6235
2019/1/31,4176.4739
2019/2/1,4294.2696
2019/2/11,4402.8668
2019/2/12,4439.485
2019/2/13,4512.4088
2019/2/14,4532.1699
2019/2/15,4502.7348
2019/2/18,4660.999
2019/2/19,4667.2836
2019/2/20,4667.6243
2019/2/21,4659.1431
2019/2/22,4777.2977
2019/2/25,5044.3466
2019/2/26,5038.5435
2019/2/27,5017.8842
2019/2/28,5025.2913
2019/3/1,5067.225
2019/3/4,5158.2467
2019/3/5,5295.2878
2019/3/6,5390.0294
2019/3/7,5458.6153
2019/3/8,5245.6999
2019/3/11,5456.381
2019/3/12,5551.0029
2019/3/13,5424.8642
2019/3/14,5298.5
